kl_loss,loss,reconstruction_loss
43.83995819091797,61.48332977294922,5.8811235427856445
43.86311721801758,61.53946304321289,5.892115592956543
43.33826446533203,63.35552215576172,6.672421932220459
44.49674606323242,61.94281005859375,5.815356254577637
43.91482925415039,62.0897216796875,6.058295726776123
44.559871673583984,61.61036682128906,5.683496952056885
42.63901901245117,61.003299713134766,6.121426582336426
43.28175354003906,62.29771423339844,6.338656425476074
43.604244232177734,60.39567565917969,5.59714412689209
43.34902572631836,61.529212951660156,6.060059547424316
42.72484588623047,62.876708984375,6.717286109924316
46.03709411621094,63.84867858886719,5.937195301055908
44.348243713378906,61.71692657470703,5.78955602645874
44.01639938354492,62.65395736694336,6.212517738342285
44.080501556396484,61.472347259521484,5.797277450561523
44.03386688232422,62.459678649902344,6.141934871673584
44.834449768066406,62.01129150390625,5.725614547729492
43.27186584472656,60.94258117675781,5.890236854553223
43.055965423583984,61.264286041259766,6.0694379806518555
42.70848846435547,61.34315490722656,6.211553573608398
44.398921966552734,63.21705627441406,6.272713661193848
44.38131332397461,61.49125671386719,5.703315734863281
42.084205627441406,60.07558822631836,5.997127056121826
42.42010498046875,60.560997009277344,6.046962261199951
43.34927749633789,62.12289047241211,6.257871627807617
43.43331527709961,62.98347854614258,6.516721248626709
44.115562438964844,62.19089889526367,6.025111198425293
43.78359603881836,62.86030960083008,6.358902931213379
44.167152404785156,61.67110061645508,5.834650039672852
44.05208206176758,60.89529800415039,5.614401817321777
43.341102600097656,62.573482513427734,6.410792827606201
45.413028717041016,62.23278045654297,5.606581687927246
43.885860443115234,62.354610443115234,6.156249523162842
44.55887985229492,61.115779876708984,5.5189666748046875
43.81977081298828,61.55284881591797,5.911022663116455
43.39745330810547,61.81900405883789,6.14051628112793
43.97493362426758,61.85837936401367,5.961149215698242
44.03209686279297,63.29589080810547,6.421264171600342
44.63914108276367,60.81033706665039,5.390400409698486
43.786705017089844,61.93721389770508,6.050171852111816
43.005409240722656,61.24542999267578,6.080010414123535
43.833736419677734,61.65456771850586,5.940284252166748
44.78759002685547,64.07139587402344,6.427931785583496
44.67513656616211,62.86098861694336,6.061950206756592
43.88013458251953,62.61417007446289,6.244675636291504
44.41041564941406,60.826438903808594,5.472012519836426
43.13985824584961,61.58269500732422,6.147613048553467
43.65203094482422,61.30347442626953,5.883815288543701
43.66489791870117,61.44336700439453,5.926158428192139
43.026344299316406,62.718509674072266,6.564056396484375
45.13808059692383,62.10295104980469,5.6549601554870605
43.59678268432617,61.65669250488281,6.019970893859863
44.462364196777344,62.60886001586914,6.048835277557373
43.88423156738281,62.41864013671875,6.178142070770264
43.44640350341797,61.16046142578125,5.90468692779541
44.58967971801758,61.341102600097656,5.5838093757629395
44.210453033447266,61.71897888183594,5.836178302764893
43.102943420410156,60.28194808959961,5.72633695602417
43.61810302734375,61.531761169433594,5.971224308013916
42.76663589477539,59.96482849121094,5.732732772827148
42.51388931274414,63.07903289794922,6.855048656463623
45.997135162353516,62.87487030029297,5.625912189483643
43.88568115234375,62.28349304199219,6.13260555267334
43.95481491088867,61.730125427246094,5.925097942352295
43.08028030395508,61.117042541503906,6.012250900268555
44.028465270996094,61.483280181884766,5.818272113800049
43.91661834716797,62.2174072265625,6.100262641906738
44.82978820800781,62.15491485595703,5.775043964385986
43.18160629272461,61.20079040527344,6.006394386291504
43.938987731933594,61.459102630615234,5.840037822723389
43.85346221923828,64.0519027709961,6.73281192779541
44.114505767822266,62.63694381713867,6.174148082733154
44.24928665161133,62.05799865722656,5.9362382888793945
44.62040328979492,61.69268798828125,5.690756797790527
44.29087448120117,63.368221282958984,6.359116077423096
44.297061920166016,62.018375396728516,5.9071044921875
44.079917907714844,61.75996780395508,5.893350601196289
44.19490051269531,61.34510803222656,5.716734886169434
43.42308807373047,60.08649444580078,5.554468154907227
43.44435119628906,61.72520446777344,6.093616008758545
43.23393249511719,61.05068588256836,5.938916206359863
44.15892028808594,61.85284423828125,5.89797306060791
43.74031066894531,61.075740814208984,5.778478622436523
43.845863342285156,62.09114456176758,6.08176326751709
43.682861328125,60.44279479980469,5.586644649505615
43.418212890625,61.78574752807617,6.122512340545654
45.92112731933594,63.57286071777344,5.883911609649658
45.377506256103516,61.96502685546875,5.529171943664551
42.41262435913086,59.17938995361328,5.588922500610352
42.68695831298828,61.071659088134766,6.128232955932617
43.55799865722656,62.638710021972656,6.360236167907715
44.325660705566406,61.834312438964844,5.836217880249023
44.7996826171875,63.912227630615234,6.370849609375
44.72206497192383,62.13703918457031,5.804993629455566
44.06368637084961,61.62142562866211,5.852584362030029
44.92288589477539,62.72218322753906,5.933095455169678
45.04203796386719,62.266231536865234,5.741398334503174
44.955936431884766,61.77811813354492,5.607396602630615
43.916709899902344,61.01308822631836,5.698792457580566
42.909263610839844,62.16891860961914,6.419886112213135
44.779293060302734,62.61411666870117,5.944942951202393
43.37948226928711,59.565185546875,5.395233154296875
42.51127243041992,60.264591217041016,5.9177727699279785
43.38873291015625,61.32090759277344,5.977391719818115
43.55643844604492,62.34207534790039,6.26187801361084
43.98064422607422,60.69268798828125,5.570679187774658
42.753719329833984,60.854183197021484,6.033485412597656
42.39651870727539,59.605857849121094,5.736447334289551
42.57964324951172,62.111671447753906,6.510674476623535
43.780372619628906,61.27443313598633,5.831353187561035
42.948116302490234,60.832523345947266,5.9614691734313965
43.696720123291016,61.104652404785156,5.802644729614258
44.11972427368164,62.508018493652344,6.129432678222656
44.12909698486328,61.75606918334961,5.875656604766846
43.973899841308594,61.493064880371094,5.839721202850342
43.811710357666016,61.10015106201172,5.762811660766602
43.433589935302734,61.28042221069336,5.948941230773926
42.897640228271484,61.33860778808594,6.146988391876221
44.056888580322266,60.88532257080078,5.609479904174805
43.86372375488281,63.15462112426758,6.430301189422607
44.656288146972656,62.99896240234375,6.114227294921875
44.3165283203125,61.58302307128906,5.75549840927124
43.7005615234375,64.00267791748047,6.767372131347656
45.03627395629883,61.88240432739258,5.615377426147461
44.197532653808594,61.43310546875,5.7451887130737305
43.80820083618164,61.65455627441406,5.948789596557617
44.385353088378906,62.57876968383789,6.064470291137695
44.597103118896484,62.03447723388672,5.8124566078186035
44.288394927978516,62.78380584716797,6.165134906768799
45.06525421142578,61.85618591308594,5.596976280212402
44.08757781982422,62.17643737792969,6.02962064743042
43.48893356323242,59.941200256347656,5.484091758728027
43.020591735839844,60.37856674194336,5.7859907150268555
41.95469284057617,59.924537658691406,5.989950180053711
43.73047637939453,64.51171875,6.92707633972168
44.80579376220703,61.631717681884766,5.608640670776367
43.91733932495117,63.44544982910156,6.509369850158691
44.52351379394531,61.716773986816406,5.731085777282715
43.691795349121094,61.29170608520508,5.866632461547852
43.534183502197266,60.685611724853516,5.7171454429626465
42.780399322509766,60.66162109375,5.960408687591553
43.416011810302734,61.29500961303711,5.9596662521362305
43.577415466308594,61.43220520019531,5.951598167419434
44.69546127319336,62.885311126708984,6.0632829666137695
45.33293914794922,63.64521789550781,6.104095935821533
44.994834899902344,62.990234375,5.998464584350586
44.56065368652344,62.21192932128906,5.883756637573242
45.233375549316406,63.48000717163086,6.082213878631592
44.650901794433594,61.73434066772461,5.6944732666015625
43.26839065551758,60.92656707763672,5.8860578536987305
43.014652252197266,62.32407760620117,6.436471939086914
44.93172073364258,62.426170349121094,5.831483840942383
44.040382385253906,62.2227783203125,6.0607991218566895
44.25708770751953,61.79180908203125,5.844902038574219
42.825862884521484,60.38838577270508,5.854169845581055
43.19920349121094,61.24838638305664,6.016390323638916
43.913291931152344,61.558799743652344,5.881836414337158
43.71382141113281,60.81808090209961,5.701416492462158
44.173179626464844,63.158504486083984,6.32844352722168
44.01083755493164,61.04521942138672,5.678130626678467
43.69938659667969,62.024635314941406,6.1084160804748535
44.437740325927734,62.79400634765625,6.11875581741333
44.430477142333984,62.732601165771484,6.100706100463867
44.83247756958008,62.291378021240234,5.819630146026611
44.88853454589844,63.53166198730469,6.21437406539917
44.63258743286133,62.35313034057617,5.906849384307861
43.96187210083008,62.88559341430664,6.307906627655029
45.81704330444336,63.81271743774414,5.998558044433594
44.57950973510742,61.69014358520508,5.70353889465332
44.00721740722656,60.243404388427734,5.4120612144470215
43.64603042602539,62.558345794677734,6.304104804992676
43.191749572753906,60.076866149902344,5.628374099731445
43.22029113769531,61.91914749145508,6.232950687408447
45.16803741455078,62.23238754272461,5.688118934631348
44.00104522705078,61.25515365600586,5.751370906829834
43.30952453613281,61.643226623535156,6.111237049102783
44.099605560302734,62.04267120361328,5.981024742126465
44.76974868774414,63.20983123779297,6.146695137023926
44.38996887207031,61.44253158569336,5.684189796447754
43.54781723022461,61.41931915283203,5.95717191696167
44.84761047363281,62.76549530029297,5.972628593444824
44.79156494140625,62.329750061035156,5.846062660217285
44.69041442871094,62.1739501953125,5.827842712402344
44.047630310058594,61.70962905883789,5.887331008911133
44.27602767944336,62.030662536621094,5.918209552764893
44.29466247558594,61.802330017089844,5.835888862609863
44.38899230957031,63.545536041259766,6.385513782501221
43.91543960571289,60.8375244140625,5.640698432922363
44.36863327026367,62.47099304199219,6.03411865234375
44.171817779541016,61.07646942138672,5.634882926940918
43.334251403808594,62.89229202270508,6.519344806671143
44.49753189086914,62.15097427368164,5.884482383728027
43.959163665771484,61.49017333984375,5.843669414520264
44.03134536743164,62.416908264160156,6.128522872924805
45.05752182006836,62.01378631591797,5.652087211608887
45.81507110595703,64.3276138305664,6.1708502769470215
44.93864059448242,61.60844421386719,5.5565996170043945
44.316768646240234,63.121543884277344,6.268261432647705
44.819190979003906,61.48980712890625,5.55687141418457
43.455833435058594,61.32799530029297,5.95739221572876
43.04250717163086,60.35066604614258,5.769388675689697
43.91570281982422,63.08418655395508,6.389493942260742
43.991455078125,63.57658004760742,6.528377056121826
44.711483001708984,62.272865295410156,5.85379695892334
44.776771545410156,60.53212356567383,5.251786231994629
42.984214782714844,61.899478912353516,6.3050923347473145
43.08768081665039,61.85341262817383,6.255246162414551
42.58564758300781,62.35866928100586,6.591006755828857
44.130855560302734,62.42502212524414,6.098055362701416
44.08721923828125,61.12043762207031,5.677737712860107
43.58601379394531,62.13963317871094,6.184542179107666
42.39044189453125,62.19401168823242,6.6011881828308105
43.64158630371094,61.44963836669922,5.936017036437988
44.27730941772461,60.66903305053711,5.463903427124023
43.05006790161133,60.10357666015625,5.68450403213501
42.32453155517578,59.69743347167969,5.790964126586914
41.51663589477539,61.03995132446289,6.507769584655762
44.693870544433594,62.67647171020508,5.994197368621826
43.786739349365234,61.09202194213867,5.768427848815918
43.83713150024414,61.417781829833984,5.860213279724121
43.07780075073242,60.39180374145508,5.771331787109375
43.84140396118164,62.623966217041016,6.260861396789551
42.976158142089844,60.03713607788086,5.686991214752197
43.407108306884766,63.899169921875,6.830681324005127
44.59506607055664,62.24275588989258,5.882565975189209
43.825008392333984,63.47426223754883,6.5497517585754395
43.96510314941406,59.90271759033203,5.312536239624023
43.427879333496094,63.952938079833984,6.841684818267822
45.87504196166992,60.85409927368164,4.993016719818115
42.95116424560547,60.70668029785156,5.918503284454346
42.61906051635742,60.742454528808594,6.041134357452393
43.39507293701172,61.25689697265625,5.9539408683776855
44.22739028930664,61.35693359375,5.709848880767822
43.77695846557617,62.66082763671875,6.294621467590332
44.57471466064453,60.610984802246094,5.345425605773926
44.66904067993164,63.93327331542969,6.42141056060791
44.30973434448242,60.406375885009766,5.365547180175781
43.429080963134766,62.431236267089844,6.334054946899414
43.73331069946289,61.08221435546875,5.7829670906066895
44.14704132080078,62.51215362548828,6.121698379516602
43.7437744140625,63.75638198852539,6.670867443084717
45.69679641723633,62.41815185546875,5.573787212371826
43.97630310058594,61.50982666015625,5.844505786895752
42.90137481689453,61.664222717285156,6.254282474517822
44.80039978027344,63.07188034057617,6.090492248535156
43.884883880615234,60.26306915283203,5.45939302444458
43.23297882080078,62.59769821166992,6.454909324645996
44.56265640258789,63.08500289916992,6.174116134643555
44.67938995361328,60.53940200805664,5.286672115325928
42.667789459228516,62.09101104736328,6.474406719207764
44.8358154296875,62.41256332397461,5.858914375305176
43.88515090942383,60.91218948364258,5.6756768226623535
43.19773864746094,61.856407165527344,6.219552993774414
44.627437591552734,62.30917739868164,5.893913745880127
44.084938049316406,60.5997314453125,5.504929542541504
43.350101470947266,61.19822692871094,5.949375629425049
43.61019515991211,61.17946243286133,5.856420516967773
43.40228271484375,61.94691467285156,6.18154239654541
43.71797561645508,61.58155822753906,5.954529762268066
43.21976852416992,61.135498046875,5.971907615661621
43.551029205322266,60.866634368896484,5.771868705749512
44.169803619384766,63.033390045166016,6.287866592407227
44.24692916870117,62.01329040527344,5.922119140625
44.4071044921875,62.100120544433594,5.897674083709717
43.50606918334961,62.082340240478516,6.192089557647705
44.20598602294922,62.45746612548828,6.083827495574951
44.302059173583984,63.794002532958984,6.497313499450684
45.15190887451172,61.03009796142578,5.292731761932373
44.19523239135742,63.70407485961914,6.502943992614746
45.188148498535156,62.165977478027344,5.659276008605957
43.65456771850586,61.136234283447266,5.827223777770996
44.07387924194336,61.006202697753906,5.644105911254883
43.94634246826172,61.22360610961914,5.759087562561035
43.55162811279297,63.36491012573242,6.6044230461120605
44.932373046875,62.215267181396484,5.7609663009643555
43.92282485961914,62.05075454711914,6.042644023895264
43.702659606933594,60.52640914916992,5.607914447784424
42.99247741699219,60.95850372314453,5.988678932189941
43.17959976196289,61.557777404785156,6.12606143951416
43.72031021118164,60.914180755615234,5.731293201446533
43.17619323730469,59.20912170410156,5.344311714172363
42.66724395751953,61.56352233886719,6.298757553100586
43.22269058227539,60.669925689697266,5.815745830535889
43.0201416015625,62.62565231323242,6.535175800323486
44.25776672363281,62.203800201416016,5.98200798034668
44.12895202636719,60.88407516479492,5.585040092468262
43.515968322753906,62.441349029541016,6.308459758758545
44.29680633544922,62.18186569213867,5.961687088012695
44.47078323364258,60.72328186035156,5.417501449584961
42.523441314697266,61.945987701416016,6.474185466766357
44.50152587890625,61.22869873046875,5.575721740722656
43.73250961303711,61.04430389404297,5.770596027374268
43.384239196777344,62.34381866455078,6.319859504699707
44.693260192871094,60.914039611816406,5.406927108764648
43.493709564208984,60.972267150878906,5.826183795928955
43.26630401611328,61.38124084472656,6.038311958312988
44.203758239746094,61.872093200683594,5.889437675476074
45.20738220214844,63.74159240722656,6.178069591522217
44.60040283203125,61.53023147583008,5.643272399902344
44.127254486083984,63.11217498779297,6.328303813934326
43.94166946411133,60.53309631347656,5.530472755432129
43.59372329711914,61.135562896728516,5.847280502319336
43.655094146728516,61.28310012817383,5.876004219055176
43.58182144165039,60.91437530517578,5.777523517608643
42.79969787597656,61.77914047241211,6.32648229598999
44.81843948364258,64.05137634277344,6.410976886749268
45.96335983276367,62.437992095947266,5.491544246673584
44.38095474243164,60.62095642089844,5.413333415985107
42.793216705322266,61.12462615966797,6.110471725463867
44.01609802246094,62.438880920410156,6.140927791595459
44.39890670776367,60.978641510009766,5.526583671569824
43.52372741699219,63.01707458496094,6.49778413772583
44.68186569213867,62.21543884277344,5.844523906707764
43.48788833618164,60.29325866699219,5.6017889976501465
43.40510559082031,62.24006652832031,6.2783203125
44.92212677001953,62.624290466308594,5.900723457336426
44.537357330322266,61.85891342163086,5.7738494873046875
44.03305435180664,60.78917694091797,5.58536958694458
43.92165756225586,62.72767639160156,6.268674373626709
44.23209762573242,60.365760803222656,5.3778839111328125
42.522666931152344,60.99674606323242,6.158024311065674
43.57942581176758,60.44416046142578,5.62157678604126
43.58401107788086,62.70287322998047,6.372950553894043
44.888362884521484,63.44668197631836,6.186104774475098
45.20348358154297,62.763916015625,5.853477478027344
44.78280258178711,61.86144256591797,5.692879676818848
44.88064956665039,62.05765151977539,5.72566556930542
44.07464599609375,61.74831008911133,5.89122200012207
44.40712356567383,62.41158676147461,6.00148868560791
44.98253631591797,62.521690368652344,5.846385478973389
44.05706024169922,60.91563034057617,5.6195173263549805
44.28192138671875,62.18318557739258,5.967087745666504
44.166866302490234,61.01253890991211,5.615224361419678
43.64237594604492,64.35807800292969,6.905235290527344
45.91925811767578,64.22626495361328,6.1023359298706055
44.93006134033203,60.69097900390625,5.2536396980285645
42.77970886230469,61.533451080322266,6.251250743865967
43.336830139160156,62.07193374633789,6.2450361251831055
44.286155700683594,61.369625091552734,5.694490909576416
43.38515090942383,59.49486541748047,5.369904041290283
42.68528747558594,61.93929672241211,6.418006896972656
43.976829528808594,60.67429733276367,5.565824508666992
43.16505813598633,61.23770523071289,6.024214744567871
44.106407165527344,60.55431365966797,5.482636451721191
43.313743591308594,62.44463348388672,6.376964092254639
44.85221481323242,63.67643356323242,6.274735450744629
43.98214340209961,60.254920959472656,5.424253463745117
42.89857864379883,61.30141830444336,6.134280204772949
43.738563537597656,61.0401611328125,5.767202377319336
42.89713668823242,62.34783935546875,6.4835638999938965
43.58592224121094,60.71611785888672,5.7100629806518555
43.473472595214844,61.48344039916992,6.003320693969727
43.40663528442383,60.72862243652344,5.773994445800781
43.46596908569336,62.24679946899414,6.260274887084961
44.299015045166016,61.35558319091797,5.685519695281982
43.044921875,61.57133483886719,6.17547082901001
43.01094436645508,61.524940490722656,6.171325206756592
44.552894592285156,62.679664611816406,6.042259693145752
44.12807846069336,63.03942108154297,6.303779125213623
44.498046875,60.00648498535156,5.1694793701171875
43.339073181152344,61.91869354248047,6.193208694458008
43.053199768066406,59.90419387817383,5.616995811462402
42.806514739990234,63.56771469116211,6.920399188995361
45.72032165527344,63.47222137451172,5.917300701141357
45.79010009765625,64.85184478759766,6.353912353515625
45.932918548583984,61.88785171508789,5.318309307098389
43.94392776489258,61.284542083740234,5.7802042961120605
44.42459487915039,63.475807189941406,6.350408554077148
43.87189483642578,62.01859664916992,6.048899173736572
44.34109878540039,62.016963958740234,5.891955852508545
44.424259185791016,63.05637741088867,6.210705280303955
45.00279998779297,61.86604690551758,5.621085166931152
43.65304946899414,61.86929702758789,6.072077751159668
43.50722122192383,60.04867172241211,5.513819217681885
43.04370880126953,62.64735412597656,6.5345458984375
43.81639862060547,60.73423767089844,5.639285087585449
44.31768798828125,63.237327575683594,6.306550979614258
45.34400939941406,61.95817184448242,5.538053035736084
42.83620071411133,58.80812072753906,5.323976993560791
41.69285202026367,60.978816986083984,6.428650379180908
44.36810302734375,62.23792266845703,5.956603050231934
44.22663116455078,63.90274429321289,6.558703422546387
44.874229431152344,62.15934753417969,5.761711120605469
43.440086364746094,61.15065383911133,5.903521537780762
44.13063430786133,60.92502975463867,5.598128795623779
43.491634368896484,63.01585006713867,6.508073806762695
44.967830657958984,62.58700942993164,5.8730597496032715
43.841148376464844,60.474937438964844,5.544598579406738
43.464717864990234,62.18391799926758,6.2397379875183105
44.08608627319336,61.77312469482422,5.895681381225586
45.75907897949219,65.07284545898438,6.437923908233643
45.48070526123047,63.03511047363281,5.851468086242676
44.08959197998047,64.07991027832031,6.663444995880127
45.48236846923828,61.94597625732422,5.4878668785095215
44.58816909790039,62.04103088378906,5.817620277404785
43.92149353027344,61.578311920166016,5.885605812072754
43.56939697265625,61.34379196166992,5.924798011779785
43.89134216308594,62.34191131591797,6.1501874923706055
44.74879455566406,62.08152770996094,5.777572154998779
44.27416229248047,62.624107360839844,6.116652965545654
45.01058578491211,61.56239318847656,5.517268180847168
43.90244674682617,62.32743453979492,6.141660690307617
44.06000518798828,61.73298645019531,5.890994071960449
43.856407165527344,60.46672058105469,5.536769390106201
42.816734313964844,59.868797302246094,5.684020519256592
42.98231506347656,60.88538360595703,5.967690467834473
43.56668472290039,61.20112609863281,5.878146648406982
43.85700225830078,61.518314361572266,5.887104511260986
42.84564208984375,62.95104217529297,6.701798439025879
45.04616165161133,63.39255905151367,6.115463733673096
45.66860580444336,63.43429946899414,5.921900749206543
44.888423919677734,61.497745513916016,5.536440849304199
44.239627838134766,61.93684768676758,5.899077892303467
43.50434112548828,61.32291793823242,5.9395222663879395
44.41597366333008,64.0130844116211,6.532373428344727
44.90677261352539,61.782554626464844,5.625265121459961
43.26985168457031,61.99171829223633,6.240621566772461
43.90056610107422,62.487083435058594,6.195506572723389
43.68922424316406,62.37644958496094,6.22908353805542
44.45861053466797,61.97744369506836,5.839612007141113
44.03567123413086,61.389549255371094,5.784621238708496
44.04458999633789,61.91021728515625,5.9552083015441895
43.20652389526367,59.47630310058594,5.423258304595947
42.52146530151367,61.85560607910156,6.44471549987793
44.07317352294922,60.89631652832031,5.607712268829346
43.991233825683594,61.30120849609375,5.769989013671875
43.95489501953125,64.2182846069336,6.754465579986572
45.786441802978516,63.36008834838867,5.857879638671875
45.958229064941406,62.91553497314453,5.652437210083008
44.41244125366211,61.24995803833008,5.612504005432129
43.54224395751953,61.59397506713867,6.017242908477783
45.40269470214844,63.57838821411133,6.058562278747559
44.61772918701172,60.121009826660156,5.167759418487549
42.53750991821289,61.47705841064453,6.3131818771362305
43.312477111816406,61.06618118286133,5.917900085449219
44.165218353271484,62.16749954223633,6.000757694244385
44.51880645751953,60.989017486572266,5.4900665283203125
42.919734954833984,62.774009704589844,6.6180949211120605
44.93916320800781,62.470947265625,5.84392786026001
43.99221420288086,62.366947174072266,6.124908924102783
44.11295700073242,60.75107955932617,5.5460405349731445
43.07260513305664,61.759891510009766,6.229095935821533
43.49745559692383,60.15732955932617,5.553294658660889
44.34895324707031,61.607872009277344,5.752972602844238
43.56764221191406,60.020572662353516,5.484309196472168
42.29860305786133,60.75071334838867,6.150705814361572
42.39774703979492,60.638736724853516,6.080334663391113
42.592979431152344,59.879756927490234,5.762258052825928
43.431400299072266,62.01934814453125,6.195984363555908
42.88224792480469,61.32623291015625,6.1479926109313965
44.111148834228516,60.963558197021484,5.6174702644348145
43.45689010620117,60.354759216308594,5.63262414932251
43.16542053222656,62.705997467041016,6.513526916503906
44.70227813720703,62.397640228271484,5.89845609664917
43.32032012939453,61.12835693359375,5.936008930206299
43.582279205322266,61.39297103881836,5.936896324157715
43.97547912597656,60.87321472167969,5.632576942443848
42.56064224243164,61.84263229370117,6.427331924438477
43.73133850097656,61.57206726074219,5.9469075202941895
44.403297424316406,62.296669006347656,5.964456558227539
44.09204864501953,62.37428665161133,6.094078063964844
44.63018798828125,62.325077056884766,5.8982954025268555
43.75937271118164,61.02054977416992,5.753723621368408
44.05543518066406,62.59626007080078,6.1802802085876465
44.09867858886719,60.23677444458008,5.379361629486084
42.87337112426758,61.79265594482422,6.306426048278809
43.48640441894531,60.34510803222656,5.619569778442383
43.28206253051758,61.53158187866211,6.083173751831055
43.08224868774414,60.45058822631836,5.78944730758667
42.88623809814453,60.422996520996094,5.845583438873291
43.292091369628906,60.29267883300781,5.666863441467285
43.322532653808594,60.287471771240234,5.654975891113281
42.75992202758789,62.74102020263672,6.660362243652344
45.41774368286133,61.77761459350586,5.453287601470947
44.69572448730469,63.242488861083984,6.182258605957031
43.60517883300781,61.361228942871094,5.918684005737305
43.44298553466797,60.22847366333008,5.595160484313965
44.56379699707031,63.30105209350586,6.245755195617676
44.40250015258789,62.49391174316406,6.030472278594971
44.70722198486328,63.737388610839844,6.343389511108398
44.91318893432617,62.49061965942383,5.85914421081543
45.032772064208984,61.89695358276367,5.621393203735352
44.2998046875,61.289588928222656,5.663256645202637
43.31707763671875,60.75175476074219,5.811557292938232
43.5167236328125,61.748416900634766,6.077234745025635
43.01030731201172,59.56867218017578,5.519455909729004
41.98430633544922,60.407432556152344,6.1410441398620605
43.01952362060547,60.95515441894531,5.978548049926758
43.49129867553711,61.11157989501953,5.873428821563721
43.442752838134766,61.443790435791016,6.000341415405273
44.03144836425781,62.19864273071289,6.055732250213623
44.61185836791992,61.22531509399414,5.537818908691406
44.28813934326172,63.281795501708984,6.3312201499938965
44.52836227416992,60.27869415283203,5.25011682510376
43.12934875488281,61.277992248535156,6.049548149108887
43.499385833740234,62.07692337036133,6.192514419555664
43.76849365234375,60.57141876220703,5.600974082946777
43.43849563598633,61.799983978271484,6.120492935180664
44.52888870239258,61.78742980957031,5.752847671508789
43.18270492553711,61.21881866455078,6.0120391845703125
44.59191131591797,63.13862609863281,6.1822404861450195
43.75827407836914,60.842777252197266,5.694835186004639
43.74823760986328,61.49214172363281,5.914632320404053
43.573856353759766,62.04464340209961,6.156929016113281
44.01717758178711,60.99007797241211,5.657635688781738
44.191917419433594,61.779457092285156,5.862512588500977
44.26624298095703,63.90970993041992,6.547820091247559
44.351768493652344,60.183414459228516,5.277215957641602
42.89932632446289,61.309104919433594,6.136594295501709
42.90274429321289,61.29412078857422,6.130457401275635
42.40714645385742,59.88627624511719,5.826377868652344
43.65474319458008,62.65138626098633,6.332216739654541
44.08262252807617,59.75051498413086,5.222630023956299
43.04234313964844,62.576351165771484,6.511334419250488
45.140621185302734,61.66612243652344,5.50850248336792
43.597042083740234,61.36642074584961,5.923129081726074
43.63758850097656,60.83808898925781,5.733499526977539
44.21454620361328,63.292118072509766,6.359194278717041
44.44034957885742,60.90097427368164,5.48687219619751
42.63589859008789,60.101741790771484,5.821945667266846
43.54445266723633,62.77560043334961,6.410380840301514
45.674739837646484,63.006839752197266,5.777367115020752
43.89525604248047,62.117427825927734,6.074056625366211
43.658592224121094,59.16702651977539,5.169475078582764
43.13713836669922,61.533695220947266,6.132186412811279
44.29606246948242,62.782203674316406,6.162045955657959
44.19242477416992,60.875606536865234,5.561060905456543
43.63140869140625,62.29917526245117,6.22258996963501
44.18403625488281,60.568233489990234,5.461397171020508
43.147396087646484,62.20093536376953,6.351180076599121
44.627113342285156,63.042850494384766,6.138579368591309
45.105587005615234,62.287254333496094,5.727225303649902
44.64788818359375,62.45792770385742,5.936678409576416
44.1595458984375,63.113224029541016,6.317893028259277
44.872493743896484,62.73824691772461,5.955251216888428
44.77644348144531,61.25711441040039,5.493557453155518
42.883792877197266,60.332542419433594,5.816247940063477
43.580379486083984,60.93942642211914,5.786348819732666
43.34933853149414,61.853538513183594,6.1680684089660645
44.02275085449219,59.98662567138672,5.321294784545898
42.652523040771484,61.03482437133789,6.1274285316467285
44.127437591552734,63.16558074951172,6.346043586730957
44.117740631103516,60.250877380371094,5.377711296081543
42.78947067260742,60.65370178222656,5.954742431640625
43.53863525390625,63.099464416503906,6.520278453826904
44.288795471191406,59.68930435180664,5.133502006530762
42.71370315551758,61.22219467163086,6.169492721557617
44.18236541748047,62.53407669067383,6.117238521575928
44.15992736816406,62.32044219970703,6.053504467010498
44.25297546386719,61.015602111816406,5.587542533874512
43.548118591308594,62.84109115600586,6.430996894836426
44.520198822021484,61.44491195678711,5.641571998596191
43.747459411621094,60.716407775878906,5.656320571899414
43.479896545410156,60.968605041503906,5.8295698165893555
43.33952331542969,63.74954605102539,6.803337574005127
45.35336685180664,61.41912841796875,5.355256080627441
44.208351135253906,60.39555358886719,5.3957343101501465
42.526180267333984,61.60904312133789,6.360954761505127
43.87784957885742,62.53544616699219,6.219198226928711
45.441978454589844,62.08015441894531,5.546056270599365
43.28818130493164,60.099708557128906,5.603847980499268
42.94325637817383,61.79212188720703,6.282957077026367
44.38359069824219,64.71711730957031,6.777843952178955
46.61698913574219,63.30736541748047,5.563458442687988
44.662071228027344,60.277137756347656,5.205021858215332
43.64108657836914,61.80303955078125,6.053982734680176
43.86392593383789,62.214359283447266,6.116811752319336
43.679466247558594,62.461483001708984,6.260671615600586
44.12325668334961,62.03364944458008,5.970128536224365
44.60091781616211,62.246376037597656,5.881824016571045
43.68239212036133,60.519229888916016,5.612278938293457
43.61062240600586,59.97073745727539,5.453373432159424
43.267337799072266,61.98188781738281,6.238180160522461
43.8087158203125,61.088706970214844,5.759997367858887
44.98573684692383,64.86669921875,6.626990795135498
46.23320007324219,61.92888641357422,5.2318949699401855
45.02609634399414,62.09873580932617,5.690882205963135
44.042545318603516,64.82501983642578,6.927490234375
45.66474914550781,61.14362335205078,5.159622669219971
44.17488479614258,62.46000671386719,6.095042705535889
45.04006576538086,61.43806838989258,5.465997695922852
43.88260269165039,61.878211975097656,5.998537540435791
44.056270599365234,63.04841995239258,6.330716609954834
44.79703140258789,62.960086822509766,6.054352283477783
45.08442687988281,62.36454391479492,5.760041236877441
44.29606628417969,61.07503128051758,5.592991352081299
43.61928939819336,62.687496185302734,6.3560709953308105
44.441871643066406,62.413089752197266,5.990409851074219
44.11537170410156,63.05385208129883,6.312828540802002
45.09424591064453,62.46038055419922,5.788708209991455
43.49373245239258,60.700584411621094,5.735615253448486
42.67266082763672,61.67325210571289,6.333532333374023
43.76775360107422,61.32560348510742,5.852620601654053
43.485965728759766,62.425662994384766,6.313234806060791
44.80910110473633,61.421669006347656,5.5375237464904785
42.242069244384766,61.428524017333984,6.395483016967773
43.592769622802734,62.73688507080078,6.381370544433594
44.028480529785156,62.13218688964844,6.034575462341309
43.31836700439453,62.54690933227539,6.409518718719482
43.06026077270508,61.27223205566406,6.070655345916748
43.114627838134766,60.620811462402344,5.8353962898254395
43.20981216430664,62.27698516845703,6.355724811553955
44.291481018066406,62.004432678222656,5.904316425323486
43.744140625,60.80462646484375,5.686827659606934
43.510990142822266,62.68869400024414,6.3925652503967285
44.43571472167969,60.677852630615234,5.414048194885254
43.68939971923828,61.10614776611328,5.805582523345947
43.75298309326172,62.57789993286133,6.274975776672363
44.751792907714844,61.06170654296875,5.436635971069336
43.896095275878906,61.49652099609375,5.866808891296387
43.049137115478516,59.25759506225586,5.402820110321045
42.948360443115234,63.15812683105469,6.7365922927856445
45.59780502319336,61.944515228271484,5.448904037475586
44.046566009521484,61.10818099975586,5.687205791473389
43.44818115234375,62.02615737915039,6.192659854888916
44.419498443603516,62.047157287597656,5.875884532928467
43.92908477783203,60.49855041503906,5.523158550262451
43.20401382446289,61.59580612182617,6.130599021911621
43.159629821777344,60.269142150878906,5.703169822692871
44.149635314941406,61.84823226928711,5.899533748626709
43.296714782714844,62.46418762207031,6.389158248901367
44.42092514038086,62.66716766357422,6.082077503204346
44.93256378173828,62.16096878051758,5.742800235748291
44.29270935058594,60.914451599121094,5.540581703186035
43.022010803222656,60.11441421508789,5.697470664978027
42.457603454589844,61.468265533447266,6.336886882781982
44.17460632324219,62.242794036865234,6.022726058959961
44.717018127441406,62.28949737548828,5.857492446899414
44.99135971069336,62.700157165527344,5.9029340744018555
43.80171203613281,63.08793640136719,6.428738594055176
44.688907623291016,62.08605194091797,5.799049377441406
44.194149017333984,62.22623062133789,6.010691165924072
44.05990982055664,61.11053466796875,5.683540344238281
43.275882720947266,61.542545318603516,6.088887691497803
43.98529815673828,61.803714752197266,5.939473628997803
42.904136657714844,59.15500259399414,5.416954040527344
41.77526092529297,60.80385208129883,6.342865467071533
42.580604553222656,60.71525192260742,6.04488468170166
42.70714569091797,58.922691345214844,5.405184745788574
42.42414855957031,60.73051071166992,6.102121353149414
43.47181701660156,61.72552490234375,6.08457088470459
44.18912887573242,60.174747467041016,5.328540325164795
42.66047668457031,59.59184265136719,5.643790245056152
42.686622619628906,60.48893356323242,5.934100151062012
43.66254425048828,60.86875915527344,5.7354021072387695
43.79301071166992,62.78294372558594,6.329977989196777
44.60147476196289,61.661197662353516,5.686574935913086
44.61034393310547,61.05840301513672,5.48268461227417
44.202369689941406,62.23726272583008,6.011632442474365
43.91004943847656,61.652286529541016,5.9140825271606445
43.16860580444336,61.492313385009766,6.107903003692627
44.69175720214844,61.49254608154297,5.600258827209473
43.64329528808594,62.0350341796875,6.130577564239502
44.10566711425781,61.328956604003906,5.741096496582031
44.55045700073242,61.27656555175781,5.57536506652832
43.457275390625,61.35569763183594,5.966142654418945
43.78186798095703,61.71115493774414,5.976428031921387
44.19484329223633,60.89674758911133,5.567298889160156
44.046226501464844,61.13661193847656,5.696797847747803
43.846641540527344,63.144596099853516,6.432652473449707
44.345947265625,61.44207000732422,5.698707580566406
44.30350875854492,63.071170806884766,6.255889892578125
45.06482696533203,62.58644485473633,5.8405375480651855
43.70693588256836,59.61939239501953,5.30415153503418
42.82390594482422,62.03083038330078,6.402308940887451
44.56608581542969,61.62480926513672,5.68623685836792
43.99810791015625,61.38857650756836,5.796823978424072
43.29292297363281,62.108707427978516,6.27192497253418
44.11093521118164,62.82636260986328,6.238473892211914
44.18605422973633,61.021488189697266,5.611811637878418
43.62596130371094,61.64550018310547,6.0065178871154785
44.06752395629883,61.358970642089844,5.7638163566589355
43.09576416015625,60.95722198486328,5.953823566436768
43.108665466308594,61.51204299926758,6.134460926055908
42.93375015258789,60.112953186035156,5.72640323638916
42.76002883911133,61.16239929199219,6.134121417999268
43.80087661743164,63.090187072753906,6.429769515991211
44.27153778076172,61.36370086669922,5.697388648986816
43.385005950927734,61.795738220214844,6.136908531188965
43.10221862792969,60.99750518798828,5.965091228485107
43.343177795410156,61.34689712524414,6.001240253448486
43.706363677978516,61.516357421875,5.936666011810303
44.04658889770508,63.13039016723633,6.361264228820801
44.54642868041992,62.441646575927734,5.965071678161621
44.165523529052734,62.55976867675781,6.1314191818237305
44.08092498779297,62.24538040161133,6.054818153381348
43.9949951171875,62.00360107421875,6.002869129180908
44.136390686035156,61.57533645629883,5.812979698181152
43.652774810791016,62.05092239379883,6.132712364196777
44.72337341308594,61.02297592163086,5.433197975158691
44.23738098144531,62.181880950927734,5.9814982414245605
44.041988372802734,61.41107177734375,5.78969669342041
43.07276916503906,63.84525680541992,6.924159526824951
45.68679428100586,62.212398529052734,5.508533000946045
43.25372314453125,61.768375396728516,6.171550273895264
44.01698303222656,60.832340240478516,5.6051177978515625
43.52541732788086,60.882450103759766,5.785675525665283
43.55026626586914,63.72874069213867,6.726162910461426
44.93332290649414,62.06489562988281,5.7105255126953125
44.11359405517578,61.05601501464844,5.647472858428955
43.287593841552734,62.23006820678711,6.314160346984863
44.59415054321289,62.59074401855469,5.99886417388916
44.13555145263672,59.32056427001953,5.061672687530518
42.76082992553711,61.52968978881836,6.256287097930908
43.73347473144531,61.11168670654297,5.792739391326904
44.16163635253906,61.18999481201172,5.676120281219482
43.55339813232422,61.62944793701172,6.0253496170043945
43.67171096801758,59.80097961425781,5.376420021057129
43.488792419433594,61.00424575805664,5.838479042053223
43.31380844116211,61.245426177978516,5.977206230163574
44.139427185058594,61.80488967895508,5.888489723205566
43.56523895263672,61.757015228271484,6.063923358917236
44.26116943359375,62.957130432128906,6.2319865226745605
45.076148986816406,62.868690490722656,5.930850028991699
45.109474182128906,61.16316223144531,5.351225852966309
43.68960189819336,60.55083465576172,5.620409965515137
42.90911102294922,62.40840530395508,6.499765872955322
44.842567443847656,62.275535583496094,5.810988903045654
44.004940032958984,61.012088775634766,5.669049263000488
43.754722595214844,62.80936050415039,6.351550102233887
43.539268493652344,61.17075729370117,5.87716007232666
43.64077377319336,60.34184265136719,5.5670247077941895
43.57598114013672,62.023643493652344,6.1492228507995605
44.925052642822266,62.99381637573242,6.022916793823242
44.13542938232422,61.254417419433594,5.706332206726074
43.49754333496094,59.85528564453125,5.452582359313965
42.864097595214844,62.57352066040039,6.569807052612305
43.806739807128906,61.295230865478516,5.829498291015625
43.96980285644531,61.582969665527344,5.871055603027344
44.03651428222656,62.11846160888672,6.027317523956299
44.75203323364258,62.62325668334961,5.957076549530029
45.1219482421875,62.04536819458008,5.641139030456543
44.587806701660156,61.26103973388672,5.5577473640441895
43.059513092041016,60.73885726928711,5.893115043640137
43.514469146728516,61.03269958496094,5.839409351348877
43.296260833740234,62.40248107910156,6.368741989135742
44.18370056152344,60.369895935058594,5.395394325256348
43.891849517822266,64.26581573486328,6.791318893432617
44.59529495239258,62.17934036254883,5.861352920532227
44.371070861816406,62.189476013183594,5.9394683837890625
43.86865997314453,62.26527404785156,6.132199287414551
44.33686828613281,62.66152572631836,6.108222484588623
44.484291076660156,61.26025390625,5.591988563537598
44.19633102416992,61.425987243652344,5.743217945098877
43.86519241333008,60.116661071777344,5.417154312133789
42.707157135009766,62.30545425415039,6.532760143280029
43.674278259277344,61.597110748291016,5.974274635314941
44.12090301513672,60.97710418701172,5.618736743927002
44.17138671875,62.63064193725586,6.153082847595215
43.61305236816406,60.897377014160156,5.761446952819824
44.20320129394531,61.95015335083008,5.915650367736816
44.09025573730469,61.76205062866211,5.890601634979248
44.192752838134766,61.77272033691406,5.859988212585449
43.764347076416016,62.9862060546875,6.40728759765625
45.18547821044922,61.36181640625,5.39211368560791
43.77951431274414,61.20981979370117,5.810103416442871
44.001670837402344,62.58360290527344,6.193976879119873
45.23311233520508,63.02489471435547,5.930588722229004
44.28841781616211,64.08328247070312,6.59829044342041
45.47347640991211,63.626590728759766,6.051039695739746
44.118263244628906,60.799495697021484,5.5604119300842285
42.84166717529297,60.29730987548828,5.818549156188965
43.17687225341797,62.85490036010742,6.559347152709961
45.05448913574219,62.132728576660156,5.692744255065918
43.96131896972656,61.75214385986328,5.93027400970459
44.30958557128906,62.27726745605469,5.989226341247559
44.14927673339844,61.17873764038086,5.676487922668457
43.85266876220703,62.13634490966797,6.0945539474487305
44.10725402832031,61.71026611328125,5.86767053604126
44.67872619628906,61.731388092041016,5.684220314025879
44.609519958496094,62.39808654785156,5.9295220375061035
46.075740814208984,64.28337860107422,6.069206714630127
44.472450256347656,60.68851089477539,5.4053521156311035
43.29181671142578,61.91851043701172,6.208898067474365
45.14133834838867,62.738590240478516,5.865748882293701
44.51210021972656,62.07925033569336,5.8557209968566895
44.22453308105469,61.56871032714844,5.781391620635986
43.58705520629883,61.00978088378906,5.807578086853027
43.95964050292969,61.33966827392578,5.793344497680664
43.92776870727539,61.51984405517578,5.864029407501221
43.649879455566406,60.63473129272461,5.661618232727051
42.92190170288086,60.37782287597656,5.81864070892334
43.552913665771484,62.03956604003906,6.162217140197754
44.34309387207031,60.94009780883789,5.532336235046387
42.69184112548828,59.471134185791016,5.593091011047363
42.44935607910156,61.32109832763672,6.290581703186035
44.29234313964844,61.74860382080078,5.818750381469727
43.33343505859375,62.16889190673828,6.278487682342529
44.54075241088867,60.97780227661133,5.479015827178955
43.48441696166992,63.282371520996094,6.5993146896362305
45.41103744506836,62.39517593383789,5.661377906799316
44.37971496582031,62.66160202026367,6.093958377838135
44.61227035522461,62.140140533447266,5.842622756958008
44.667991638183594,62.27485656738281,5.868952751159668
43.860591888427734,60.76837158203125,5.635926246643066
43.39506149291992,60.30000686645508,5.634979724884033
43.262657165527344,61.10340118408203,5.94691276550293
43.11680221557617,62.131187438964844,6.338123798370361
44.791202545166016,62.45853805541992,5.889106273651123
44.80201721191406,63.6900634765625,6.296019554138184
44.87246322631836,60.842445373535156,5.323330879211426
43.514808654785156,60.974609375,5.819937705993652
43.751502990722656,61.97052764892578,6.073009014129639
43.88114929199219,61.94185256958008,6.020238399505615
44.375850677490234,62.07913589477539,5.901093006134033
44.165077209472656,61.80754089355469,5.880823612213135
44.4610595703125,62.59266662597656,6.043863773345947
44.34287643432617,62.603111267089844,6.08674430847168
44.18623352050781,62.18893814086914,6.0009026527404785
43.604408264160156,59.97658157348633,5.457388877868652
43.264286041259766,61.80843734741211,6.1813836097717285
43.3363037109375,60.625633239746094,5.763111591339111
43.09135437011719,61.71564483642578,6.208096981048584
45.39160919189453,63.018310546875,5.875568866729736
44.396995544433594,61.83958435058594,5.814196586608887
44.670997619628906,63.01803207397461,6.115681171417236
44.485313415527344,60.747764587402344,5.4208149909973145
42.96493148803711,60.58280944824219,5.872625350952148
43.274513244628906,60.50108337402344,5.742193222045898
43.60227584838867,59.948829650878906,5.448849201202393
42.96248245239258,61.923152923583984,6.320224285125732
43.08908462524414,60.311100006103516,5.740671157836914
43.09312438964844,59.93759536743164,5.614821910858154
42.720863342285156,60.07732391357422,5.78548002243042
42.80730438232422,62.912010192871094,6.701570510864258
44.28022766113281,62.23456573486328,5.984776496887207
44.342708587646484,61.25652313232422,5.637936592102051
42.80647277832031,60.800331115722656,5.997951984405518
43.125328063964844,62.36959457397461,6.414755821228027
43.4586181640625,61.981773376464844,6.17438268661499
44.47147750854492,61.71137237548828,5.746628761291504
45.117000579833984,63.83373260498047,6.238914966583252
44.32264709472656,60.25792694091797,5.311758995056152
43.73490905761719,60.45106506347656,5.572055339813232
42.353416442871094,61.15517807006836,6.267251968383789
44.04125213623047,61.82195281982422,5.926898002624512
43.91883087158203,61.163856506347656,5.748344421386719
43.10884475708008,59.483089447021484,5.4580769538879395
43.60209655761719,62.634300231933594,6.344067096710205
44.29132843017578,62.36545181274414,6.024703502655029
44.16304016113281,61.487220764160156,5.774727821350098
42.954227447509766,61.78289794921875,6.27622652053833
43.76689147949219,60.693016052246094,5.642035484313965
43.63603973388672,61.994407653808594,6.119461536407471
43.560916900634766,61.955238342285156,6.131442070007324
43.42144012451172,62.70796203613281,6.428842544555664
44.54805374145508,62.36483383178711,5.938924789428711
45.80372619628906,63.893619537353516,6.029962539672852
43.659019470214844,60.25048828125,5.530489921569824
42.89166259765625,61.86211395263672,6.323482990264893
44.606685638427734,62.55799102783203,5.9837727546691895
43.46297073364258,60.06010437011719,5.532378196716309
43.377647399902344,62.465152740478516,6.3625030517578125
43.832149505615234,62.34865951538086,6.172173500061035
44.92302703857422,62.09397888183594,5.723655700683594
44.72947692871094,61.23422622680664,5.501584529876709
44.51487350463867,62.45521545410156,5.980114459991455
45.542537689208984,62.51163101196289,5.656360149383545
44.66513442993164,61.721981048583984,5.685618877410889
44.83489990234375,62.96436309814453,6.043155193328857
44.416316986083984,61.311031341552734,5.631568431854248
44.46986389160156,61.916561126708984,5.815566062927246
44.71397399902344,62.08042907714844,5.788817882537842
43.71736145019531,61.04754638671875,5.776731491088867
43.33617401123047,61.041709899902344,5.901843547821045
42.76638412475586,59.55732727050781,5.59697961807251
43.66954803466797,62.023502349853516,6.117982864379883
43.773841857910156,61.45933532714844,5.895164966583252
42.95125198364258,60.662166595458984,5.903637886047363
43.56707763671875,63.04688262939453,6.493271350860596
44.46023178100586,61.88431930541992,5.8080291748046875
44.72024917602539,61.971580505371094,5.750442028045654
43.575721740722656,61.10223388671875,5.842172622680664
43.60232925415039,61.339866638183594,5.9125165939331055
44.3863525390625,61.484535217285156,5.699397087097168
43.42282485961914,61.89085388183594,6.156013011932373
43.403160095214844,60.607242584228516,5.734696388244629
43.3536376953125,62.37790298461914,6.34142541885376
43.84675979614258,60.66218948364258,5.605136394500732
44.009071350097656,62.55877685546875,6.183235168457031
43.75555419921875,61.392826080322266,5.879088878631592
44.40077209472656,64.5087661743164,6.702662944793701
45.62218475341797,62.34469223022461,5.574168682098389
44.815956115722656,61.523094177246094,5.5690460205078125
44.02594757080078,61.61534118652344,5.863128185272217
43.35169982910156,60.11288070678711,5.587062358856201
42.95819091796875,61.30276107788086,6.114862442016602
43.91555404663086,62.73944854736328,6.274626731872559
44.272403717041016,61.55302429199219,5.760205268859863
44.34806442260742,61.062007904052734,5.571318626403809
42.66055679321289,62.02965545654297,6.4563679695129395
44.52513122558594,60.81845474243164,5.43110466003418
43.78765869140625,61.75616455078125,5.989500045776367
43.79623794555664,61.15630340576172,5.786686420440674
44.17324447631836,60.98163604736328,5.6027984619140625
43.38949966430664,60.59490203857422,5.735133647918701
43.722049713134766,61.75601577758789,6.011317729949951
44.33409881591797,61.112953186035156,5.592949867248535
43.24495315551758,60.876686096191406,5.877250671386719
43.380615234375,61.749061584472656,6.12281608581543
43.929542541503906,61.10144805908203,5.723967552185059
44.05780792236328,61.055809020996094,5.666006088256836
43.45744323730469,62.87556457519531,6.4727067947387695
45.49290084838867,62.69600296020508,5.734367847442627
43.599971771240234,59.74259948730469,5.380878925323486
42.73971939086914,61.104740142822266,6.121673583984375
43.73447036743164,61.616336822509766,5.960622310638428
43.631813049316406,61.29840850830078,5.888864994049072
43.90827178955078,61.31752395629883,5.80308198928833
43.756465911865234,61.84531784057617,6.029617786407471
44.43659973144531,62.210289001464844,5.924565315246582
44.59498596191406,63.28037643432617,6.228463172912598
45.31616973876953,61.509239196777344,5.3976898193359375
43.988746643066406,61.24039077758789,5.750548362731934
44.0579833984375,62.0421142578125,5.99471378326416
44.14476776123047,63.46267318725586,6.439300060272217
45.189273834228516,60.850791931152344,5.22050666809082
43.52880859375,63.13890075683594,6.5366950035095215
44.66795349121094,60.274269104003906,5.202104568481445
44.36116027832031,62.912681579589844,6.183845043182373
44.28596496582031,62.173927307128906,5.962653160095215
43.983299255371094,62.857322692871094,6.2913408279418945
44.97443389892578,62.366695404052734,5.797417163848877
43.245887756347656,61.13768768310547,5.963931560516357
43.40057373046875,62.595401763916016,6.398277282714844
44.19327163696289,61.470375061035156,5.759036540985107
43.13827133178711,60.081077575683594,5.6476006507873535
42.823631286621094,60.942073822021484,6.0394792556762695
44.15726852416992,62.634727478027344,6.15915584564209
44.17921447753906,62.17877197265625,5.999848365783691
44.532371520996094,61.97425079345703,5.813958168029785
44.52183151245117,63.61783218383789,6.365333557128906
45.18181610107422,61.25461959838867,5.35760498046875
43.59553909301758,62.051021575927734,6.151828289031982
43.27701950073242,61.07081604003906,5.931262016296387
43.79102325439453,62.16611099243164,6.125028610229492
44.690528869628906,62.65336608886719,5.987614154815674
44.12196731567383,61.09786605834961,5.658631324768066
44.66917037963867,62.60822296142578,5.979687690734863
44.897560119628906,61.037052154541016,5.3798346519470215
43.612606048583984,62.17406463623047,6.1871466636657715
44.871578216552734,62.312095642089844,5.813507080078125
44.19533920288086,61.574832916259766,5.79316520690918
42.86385726928711,61.57744598388672,6.237863540649414
44.906124114990234,63.538917541503906,6.210931777954102
45.847251892089844,62.20963668823242,5.454132556915283
43.79075241088867,60.081199645996094,5.430150032043457
43.494834899902344,63.320411682128906,6.608523845672607
43.532447814941406,62.03824996948242,6.1685991287231445
44.20881652832031,63.462894439697266,6.418025016784668
43.07269287109375,60.90058898925781,5.942631721496582
42.53666687011719,60.37984848022461,5.947728157043457
43.16508102416992,62.85660171508789,6.563839435577393
44.295799255371094,59.99214553833008,5.232113361358643
43.77352523803711,63.287391662597656,6.504621505737305
45.280067443847656,62.536869049072266,5.7522664070129395
43.35013961791992,60.19520950317383,5.615025043487549
43.39485549926758,62.569236755371094,6.391462326049805
43.880027770996094,61.333045959472656,5.8176727294921875
43.45281982421875,61.38195037841797,5.976380348205566
43.12030029296875,60.21966552734375,5.69978666305542
42.62727737426758,60.080318450927734,5.8176798820495605
43.27461624145508,61.88875961303711,6.204712390899658
43.38517761230469,61.5980224609375,6.070946216583252
43.47434997558594,60.576087951660156,5.700581073760986
43.063716888427734,61.55085754394531,6.162381172180176
43.79010009765625,62.291011810302734,6.1669697761535645
44.015193939208984,60.853675842285156,5.612825870513916
43.287818908691406,60.679847717285156,5.797345161437988
43.33156204223633,62.09403610229492,6.254154682159424
44.66152572631836,62.84397888183594,6.060820579528809
44.14228057861328,62.4462890625,6.1013360023498535
44.408485412597656,61.94365692138672,5.84505558013916
44.08966064453125,62.616886138916016,6.175742149353027
44.82476043701172,61.32228469848633,5.499174118041992
43.85276412963867,61.869876861572266,6.005703449249268
44.223350524902344,60.68595886230469,5.4875383377075195
42.979026794433594,59.35841369628906,5.459794044494629
42.963565826416016,61.817996978759766,6.2848100662231445
43.72602844238281,62.36264419555664,6.21220588684082
44.86744689941406,62.33562469482422,5.822728157043457
44.29356384277344,62.698890686035156,6.135107040405273
43.816463470458984,60.99435043334961,5.7259626388549805
43.47996139526367,61.79526901245117,6.105100631713867
44.87024688720703,63.213069915771484,6.114272594451904
44.48162841796875,61.005863189697266,5.508078575134277
42.76807403564453,61.30919647216797,6.180370807647705
42.482139587402344,60.37731170654297,5.96505069732666
43.576297760009766,62.62158203125,6.348423480987549
44.241844177246094,61.79583740234375,5.8513336181640625
44.09446334838867,60.34688186645508,5.417473316192627
44.1080322265625,61.79859924316406,5.896855354309082
43.7154541015625,63.369972229003906,6.551504135131836
45.31781768798828,62.600074768066406,5.760754108428955
44.54342269897461,61.18593215942383,5.547500133514404
43.21554183959961,60.14466857910156,5.643038749694824
43.106929779052734,59.39539337158203,5.429488182067871
42.761070251464844,61.325435638427734,6.188117980957031
43.63980484008789,61.787864685058594,6.049355506896973
44.50334167480469,61.24239730834961,5.579688549041748
